{
    "accuracy": 0.9036458333333334,
    "loss": 0.4745868518948555
}