{
    "accuracy": 0.8616071428571429,
    "loss": 0.48992153789315906
}