{
    "accuracy": 0.17708333333333331,
    "loss": 6.488918508802142
}