{
    "accuracy": 0.9330357142857143,
    "loss": 0.4972020983695984
}