{
    "accuracy": 0.9107142857142857,
    "loss": 0.50081467628479
}