{
    "accuracy": 0.8199404761904762,
    "loss": 0.4190614925963538
}